{
  "project_info": {
    "project_number": "247144301956",
    "firebase_url": "https://fir-demo1-2c48c.firebaseio.com",
    "project_id": "fir-demo1-2c48c",
    "storage_bucket": "fir-demo1-2c48c.appspot.com"
  },
  "client": [
    {
      "client_info": {
        "mobilesdk_app_id": "1:247144301956:android:0d96606643c1cbc60749d1",
        "android_client_info": {
          "package_name": "com.google.firebase.udacity.friendlychat"
        }
      },
      "oauth_client": [
        {
          "client_id": "247144301956-g9m5lhb734b03ek41rmmrvo0s323qpue.apps.googleusercontent.com",
          "client_type": 3
        }
      ],
      "api_key": [
        {
          "current_key": "AIzaSyBU1yRELXmtR5QkPW_jN5nB9hFhMasxA1g"
        }
      ],
      "services": {
        "appinvite_service": {
          "other_platform_oauth_client": [
            {
              "client_id": "247144301956-g9m5lhb734b03ek41rmmrvo0s323qpue.apps.googleusercontent.com",
              "client_type": 3
            }
          ]
        }
      }
    }
  ],
  "configuration_version": "1"
}